"artist_name";"artist_id";"album_id";"album_release_date";"album_release_year";"danceability";"energy";"key";"loudness";"mode";"speechiness";"acousticness";"instrumentalness";"liveness";"valence";"tempo";"track_id";"time_signature";"duration_ms";"explicit";"track_name";"track_number";"track_uri";"album_name";"key_name";"mode_name";"key_mode"
"Taylor Swift";"06HL4z0CvFAxyc27GXpf02";"2fenSS68JI1h4Fo296JfGr";"2020-07-24";2020;0,777;0,357;0;-6,942;1;0,0522;0,757;7,28e-06;0,108;0,172;139,883;"0Jlcvv8IykzHaSmj49uNW8";4;210251;TRUE;"the 1";1;"spotify:track:0Jlcvv8IykzHaSmj49uNW8";"folklore";"C";"major";"C major"
"Taylor Swift";"06HL4z0CvFAxyc27GXpf02";"2fenSS68JI1h4Fo296JfGr";"2020-07-24";2020;0,613;0,581;0;-8,588;0;0,0424;0,537;0,000345;0,25;0,551;130,033;"4R2kfaDFhslZEMJqAFNpdd";4;239560;FALSE;"cardigan";2;"spotify:track:4R2kfaDFhslZEMJqAFNpdd";"folklore";"C";"minor";"C minor"
"Taylor Swift";"06HL4z0CvFAxyc27GXpf02";"2fenSS68JI1h4Fo296JfGr";"2020-07-24";2020;0,686;0,662;7;-8,505;1;0,0413;0,467;0,0023;0,109;0,706;147,922;"2Eeur20xVqfUoM3Q7EFPFt";4;230999;TRUE;"the last great american dynasty";3;"spotify:track:2Eeur20xVqfUoM3Q7EFPFt";"folklore";"G";"major";"G major"
"Taylor Swift";"06HL4z0CvFAxyc27GXpf02";"2fenSS68JI1h4Fo296JfGr";"2020-07-24";2020;0,298;0,38;6;-8,426;1;0,0287;0,778;5,62e-05;0,11;0,152;75,602;"4pvb0WLRcMtbPGmtejJJ6y";4;285634;FALSE;"exile (feat. Bon Iver)";4;"spotify:track:4pvb0WLRcMtbPGmtejJJ6y";"folklore";"F#";"major";"F# major"
"Taylor Swift";"06HL4z0CvFAxyc27GXpf02";"2fenSS68JI1h4Fo296JfGr";"2020-07-24";2020;0,456;0,263;0;-10,63;1;0,0332;0,806;0;0,0749;0,111;129,86;"1MgV7FIyNxIG7WzMRJV5HC";4;255893;FALSE;"my tears ricochet";5;"spotify:track:1MgV7FIyNxIG7WzMRJV5HC";"folklore";"C";"major";"C major"
"Taylor Swift";"06HL4z0CvFAxyc27GXpf02";"2fenSS68JI1h4Fo296JfGr";"2020-07-24";2020;0,553;0,413;2;-10,037;1;0,0334;0,687;2,33e-06;0,0594;0,379;110,107;"0ZNU020wNYvgW84iljPkPP";4;208977;FALSE;"mirrorball";6;"spotify:track:0ZNU020wNYvgW84iljPkPP";"folklore";"D";"major";"D major"
"Taylor Swift";"06HL4z0CvFAxyc27GXpf02";"2fenSS68JI1h4Fo296JfGr";"2020-07-24";2020;0,596;0,488;4;-10,769;1;0,0274;0,9;2,7e-05;0,091;0,415;94,926;"6KJqZcs9XDgVck7Lg9QOTC";4;208906;FALSE;"seven";7;"spotify:track:6KJqZcs9XDgVck7Lg9QOTC";"folklore";"E";"major";"E major"
"Taylor Swift";"06HL4z0CvFAxyc27GXpf02";"2fenSS68JI1h4Fo296JfGr";"2020-07-24";2020;0,532;0,623;5;-9,208;1;0,0331;0,538;7,28e-05;0,0925;0,403;89,937;"3hUxzQpSfdDqwM3ZTFQY0K";4;261922;FALSE;"august";8;"spotify:track:3hUxzQpSfdDqwM3ZTFQY0K";"folklore";"F";"major";"F major"
"Taylor Swift";"06HL4z0CvFAxyc27GXpf02";"2fenSS68JI1h4Fo296JfGr";"2020-07-24";2020;0,515;0,476;9;-9,843;1;0,0328;0,314;4,74e-05;0,171;0,412;135,886;"7kt9e9LFSpN1zQtYEl19o1";4;195097;FALSE;"this is me trying";9;"spotify:track:7kt9e9LFSpN1zQtYEl19o1";"folklore";"A";"major";"A major"
"Taylor Swift";"06HL4z0CvFAxyc27GXpf02";"2fenSS68JI1h4Fo296JfGr";"2020-07-24";2020;0,559;0,31;10;-10,445;1;0,0338;0,881;0;0,106;0,46;119,845;"2NmsngXHeC1GQ9wWrzhOMf";4;190898;FALSE;"illicit affairs";10;"spotify:track:2NmsngXHeC1GQ9wWrzhOMf";"folklore";"A#";"major";"A# major"
"Taylor Swift";"06HL4z0CvFAxyc27GXpf02";"2fenSS68JI1h4Fo296JfGr";"2020-07-24";2020;0,653;0,452;4;-11,143;0;0,055;0,838;7,73e-05;0,108;0,45;83,433;"6VsvKPJ4xjVNKpI8VVZ3SV";4;252880;FALSE;"invisible string";11;"spotify:track:6VsvKPJ4xjVNKpI8VVZ3SV";"folklore";"E";"minor";"E minor"
"Taylor Swift";"06HL4z0CvFAxyc27GXpf02";"2fenSS68JI1h4Fo296JfGr";"2020-07-24";2020;0,592;0,699;3;-8,995;1;0,0471;0,655;1,68e-05;0,114;0,506;141,916;"2QDyYdZyhlP2fp79KZX8Bi";4;237258;TRUE;"mad woman";12;"spotify:track:2QDyYdZyhlP2fp79KZX8Bi";"folklore";"D#";"major";"D# major"
"Taylor Swift";"06HL4z0CvFAxyc27GXpf02";"2fenSS68JI1h4Fo296JfGr";"2020-07-24";2020;0,354;0,267;1;-13,69;1;0,0281;0,731;0,000402;0,0858;0,113;94,219;"08fa9LFcFBTcilB3iq2e2A";4;289749;FALSE;"epiphany";13;"spotify:track:08fa9LFcFBTcilB3iq2e2A";"folklore";"C#";"major";"C# major"
"Taylor Swift";"06HL4z0CvFAxyc27GXpf02";"2fenSS68JI1h4Fo296JfGr";"2020-07-24";2020;0,593;0,377;0;-8,761;1;0,0253;0,6;0;0,0976;0,502;95,939;"5kI4eCXXzyuIUXjQra0Cxi";4;294521;TRUE;"betty";14;"spotify:track:5kI4eCXXzyuIUXjQra0Cxi";"folklore";"C";"major";"C major"
"Taylor Swift";"06HL4z0CvFAxyc27GXpf02";"2fenSS68JI1h4Fo296JfGr";"2020-07-24";2020;0,647;0,272;5;-12,906;1;0,0916;0,918;1,73e-05;0,0918;0,339;150,044;"7MbT4I8qGntX4fMdqMQgke";4;234000;TRUE;"peace";15;"spotify:track:7MbT4I8qGntX4fMdqMQgke";"folklore";"F";"major";"F major"
"Taylor Swift";"06HL4z0CvFAxyc27GXpf02";"2fenSS68JI1h4Fo296JfGr";"2020-07-24";2020;0,662;0,181;8;-15,065;1;0,0415;0,966;3,86e-06;0,133;0,429;118,819;"6MWoRt97mnSTXZhu3ggi9C";4;220042;FALSE;"hoax";16;"spotify:track:6MWoRt97mnSTXZhu3ggi9C";"folklore";"G#";"major";"G# major"
"Taylor Swift";"06HL4z0CvFAxyc27GXpf02";"0xS0iOtxQRoJvfcFcJA5Gv";"2020-07-24";2020;0,765;0,348;0;-6,963;1;0,0579;0,764;1,01e-05;0,108;0,171;140,015;"2b4dRZGflAQT7ZbFwOclyP";4;210251;FALSE;"the 1";1;"spotify:track:2b4dRZGflAQT7ZbFwOclyP";"folklore";"C";"major";"C major"
"Taylor Swift";"06HL4z0CvFAxyc27GXpf02";"0xS0iOtxQRoJvfcFcJA5Gv";"2020-07-24";2020;0,613;0,581;0;-8,588;0;0,0424;0,537;0,000345;0,25;0,551;130,033;"4LEK9rD7TWIG4FCL1s27XC";4;239560;FALSE;"cardigan";2;"spotify:track:4LEK9rD7TWIG4FCL1s27XC";"folklore";"C";"minor";"C minor"
"Taylor Swift";"06HL4z0CvFAxyc27GXpf02";"0xS0iOtxQRoJvfcFcJA5Gv";"2020-07-24";2020;0,684;0,661;7;-8,507;1;0,0407;0,473;0,00215;0,109;0,713;147,909;"2MnzNhe3pPExotEbZpeXnh";4;230999;FALSE;"the last great american dynasty";3;"spotify:track:2MnzNhe3pPExotEbZpeXnh";"folklore";"G";"major";"G major"
"Taylor Swift";"06HL4z0CvFAxyc27GXpf02";"0xS0iOtxQRoJvfcFcJA5Gv";"2020-07-24";2020;0,298;0,38;6;-8,426;1;0,0287;0,778;5,62e-05;0,11;0,152;75,602;"59HA1SBz1DPCCvdDeILV7E";4;285634;FALSE;"exile (feat. Bon Iver)";4;"spotify:track:59HA1SBz1DPCCvdDeILV7E";"folklore";"F#";"major";"F# major"
"Taylor Swift";"06HL4z0CvFAxyc27GXpf02";"0xS0iOtxQRoJvfcFcJA5Gv";"2020-07-24";2020;0,456;0,263;0;-10,63;1;0,0332;0,806;0;0,0749;0,111;129,86;"1DnpjwTbSwV2V6O4PABMjW";4;255893;FALSE;"my tears ricochet";5;"spotify:track:1DnpjwTbSwV2V6O4PABMjW";"folklore";"C";"major";"C major"
"Taylor Swift";"06HL4z0CvFAxyc27GXpf02";"0xS0iOtxQRoJvfcFcJA5Gv";"2020-07-24";2020;0,553;0,413;2;-10,037;1;0,0334;0,687;2,33e-06;0,0594;0,379;110,107;"5L4sr95Nw2hcJ7nQh7ksUN";4;208977;FALSE;"mirrorball";6;"spotify:track:5L4sr95Nw2hcJ7nQh7ksUN";"folklore";"D";"major";"D major"
"Taylor Swift";"06HL4z0CvFAxyc27GXpf02";"0xS0iOtxQRoJvfcFcJA5Gv";"2020-07-24";2020;0,596;0,488;4;-10,769;1;0,0274;0,9;2,7e-05;0,091;0,415;94,926;"79qUTP8YabHY2asciytR4o";4;208906;FALSE;"seven";7;"spotify:track:79qUTP8YabHY2asciytR4o";"folklore";"E";"major";"E major"
"Taylor Swift";"06HL4z0CvFAxyc27GXpf02";"0xS0iOtxQRoJvfcFcJA5Gv";"2020-07-24";2020;0,532;0,623;5;-9,208;1;0,0331;0,538;7,28e-05;0,0925;0,403;89,937;"1X2cYhcDMfDtiRIYHZCpQu";4;261922;FALSE;"august";8;"spotify:track:1X2cYhcDMfDtiRIYHZCpQu";"folklore";"F";"major";"F major"
"Taylor Swift";"06HL4z0CvFAxyc27GXpf02";"0xS0iOtxQRoJvfcFcJA5Gv";"2020-07-24";2020;0,515;0,476;9;-9,843;1;0,0328;0,314;4,74e-05;0,171;0,412;135,886;"0j5renyfv1ChCoe1ca7bDP";4;195097;FALSE;"this is me trying";9;"spotify:track:0j5renyfv1ChCoe1ca7bDP";"folklore";"A";"major";"A major"
"Taylor Swift";"06HL4z0CvFAxyc27GXpf02";"0xS0iOtxQRoJvfcFcJA5Gv";"2020-07-24";2020;0,559;0,31;10;-10,445;1;0,0338;0,881;0;0,106;0,46;119,845;"7pv3FIt9AxFME58yM1ROwZ";4;190898;FALSE;"illicit affairs";10;"spotify:track:7pv3FIt9AxFME58yM1ROwZ";"folklore";"A#";"major";"A# major"
"Taylor Swift";"06HL4z0CvFAxyc27GXpf02";"0xS0iOtxQRoJvfcFcJA5Gv";"2020-07-24";2020;0,653;0,452;4;-11,143;0;0,055;0,838;7,73e-05;0,108;0,45;83,433;"3yz88FVJQhwG2EqYHw3pkx";4;252880;FALSE;"invisible string";11;"spotify:track:3yz88FVJQhwG2EqYHw3pkx";"folklore";"E";"minor";"E minor"
"Taylor Swift";"06HL4z0CvFAxyc27GXpf02";"0xS0iOtxQRoJvfcFcJA5Gv";"2020-07-24";2020;0,596;0,709;5;-8,938;0;0,0431;0,649;9,92e-06;0,114;0,533;141,978;"5sSudVJ80OUYU35dhkfGz1";4;237258;FALSE;"mad woman";12;"spotify:track:5sSudVJ80OUYU35dhkfGz1";"folklore";"F";"minor";"F minor"
"Taylor Swift";"06HL4z0CvFAxyc27GXpf02";"0xS0iOtxQRoJvfcFcJA5Gv";"2020-07-24";2020;0,354;0,267;1;-13,69;1;0,0281;0,731;0,000402;0,0858;0,113;94,219;"1tcoNYqpAYXbSGMlNUl0eE";4;289749;FALSE;"epiphany";13;"spotify:track:1tcoNYqpAYXbSGMlNUl0eE";"folklore";"C#";"major";"C# major"
"Taylor Swift";"06HL4z0CvFAxyc27GXpf02";"0xS0iOtxQRoJvfcFcJA5Gv";"2020-07-24";2020;0,59;0,379;0;-8,717;1;0,0255;0,544;0;0,0983;0,467;96,029;"0x3CUvkL4jUPYVONrYUubR";4;294521;FALSE;"betty";14;"spotify:track:0x3CUvkL4jUPYVONrYUubR";"folklore";"C";"major";"C major"
"Taylor Swift";"06HL4z0CvFAxyc27GXpf02";"0xS0iOtxQRoJvfcFcJA5Gv";"2020-07-24";2020;0,651;0,269;5;-12,912;1;0,0983;0,918;2,17e-05;0,0918;0,334;150,033;"6rTUr8OpU5kcSqLGL2TmyR";4;234000;FALSE;"peace";15;"spotify:track:6rTUr8OpU5kcSqLGL2TmyR";"folklore";"F";"major";"F major"
"Taylor Swift";"06HL4z0CvFAxyc27GXpf02";"0xS0iOtxQRoJvfcFcJA5Gv";"2020-07-24";2020;0,662;0,181;8;-15,065;1;0,0415;0,966;3,86e-06;0,133;0,429;118,819;"6G61EqJgoEJhWaBT34jMyW";4;220042;FALSE;"hoax";16;"spotify:track:6G61EqJgoEJhWaBT34jMyW";"folklore";"G#";"major";"G# major"
"Taylor Swift";"06HL4z0CvFAxyc27GXpf02";"1NAmidJlEaVgA3MpcPFYGq";"2019-08-23";2019;0,664;0,316;5;-10,345;1;0,519;0,298;2,03e-06;0,0812;0,541;92,875;"43rA71bccXFGD4C8GOpIlN";4;170640;FALSE;"I Forgot That You Existed";1;"spotify:track:43rA71bccXFGD4C8GOpIlN";"Lover";"F";"major";"F major"
"Taylor Swift";"06HL4z0CvFAxyc27GXpf02";"1NAmidJlEaVgA3MpcPFYGq";"2019-08-23";2019;0,552;0,702;9;-5,707;1;0,157;0,117;2,06e-05;0,105;0,564;169,994;"1BxfuPKGuaTgP7aM0Bbdwr";4;178426;FALSE;"Cruel Summer";2;"spotify:track:1BxfuPKGuaTgP7aM0Bbdwr";"Lover";"A";"major";"A major"
"Taylor Swift";"06HL4z0CvFAxyc27GXpf02";"1NAmidJlEaVgA3MpcPFYGq";"2019-08-23";2019;0,359;0,543;7;-7,582;1;0,0919;0,492;1,58e-05;0,118;0,453;68,534;"1dGr1c8CrMLDpV6mPbImSI";4;221306;FALSE;"Lover";3;"spotify:track:1dGr1c8CrMLDpV6mPbImSI";"Lover";"G";"major";"G major"
"Taylor Swift";"06HL4z0CvFAxyc27GXpf02";"1NAmidJlEaVgA3MpcPFYGq";"2019-08-23";2019;0,777;0,658;0;-5,191;1;0,054;0,0767;0;0,0901;0,633;110,048;"3RauEVgRgj1IuWdJ9fDs70";4;190360;FALSE;"The Man";4;"spotify:track:3RauEVgRgj1IuWdJ9fDs70";"Lover";"C";"major";"C major"
"Taylor Swift";"06HL4z0CvFAxyc27GXpf02";"1NAmidJlEaVgA3MpcPFYGq";"2019-08-23";2019;0,292;0,574;0;-9,375;1;0,0401;0,12;0,00569;0,0663;0,166;124,344;"3pHkh7d0lzM2AldUtz2x37";4;211240;FALSE;"The Archer";5;"spotify:track:3pHkh7d0lzM2AldUtz2x37";"Lover";"C";"major";"C major"
"Taylor Swift";"06HL4z0CvFAxyc27GXpf02";"1NAmidJlEaVgA3MpcPFYGq";"2019-08-23";2019;0,897;0,366;0;-8,029;1;0,0569;0,00889;0,000353;0,0715;0,416;100,003;"2YWtcWi3a83pdEg3Gif4Pd";4;173386;FALSE;"I Think He Knows";6;"spotify:track:2YWtcWi3a83pdEg3Gif4Pd";"Lover";"C";"major";"C major"
"Taylor Swift";"06HL4z0CvFAxyc27GXpf02";"1NAmidJlEaVgA3MpcPFYGq";"2019-08-23";2019;0,662;0,747;11;-6,926;0;0,0736;0,028;0,00615;0,138;0,487;150,088;"214nt20w5wOxJnY462klLw";4;234146;FALSE;"Miss Americana & The Heartbreak Prince";7;"spotify:track:214nt20w5wOxJnY462klLw";"Lover";"B";"minor";"B minor"
"Taylor Swift";"06HL4z0CvFAxyc27GXpf02";"1NAmidJlEaVgA3MpcPFYGq";"2019-08-23";2019;0,811;0,719;9;-6,553;1;0,0497;0,0129;1,36e-05;0,0742;0,865;103,979;"4y5bvROuBDPr5fuwXbIBZR";4;222400;FALSE;"Paper Rings";8;"spotify:track:4y5bvROuBDPr5fuwXbIBZR";"Lover";"A";"major";"A major"
"Taylor Swift";"06HL4z0CvFAxyc27GXpf02";"1NAmidJlEaVgA3MpcPFYGq";"2019-08-23";2019;0,824;0,624;0;-9,728;1;0,0827;0,781;0,000189;0,1;0,248;102,012;"12M5uqx0ZuwkpLp5rJim1a";4;287266;FALSE;"Cornelia Street";9;"spotify:track:12M5uqx0ZuwkpLp5rJim1a";"Lover";"C";"major";"C major"
"Taylor Swift";"06HL4z0CvFAxyc27GXpf02";"1NAmidJlEaVgA3MpcPFYGq";"2019-08-23";2019;0,712;0,732;4;-6,754;1;0,0629;0,454;0;0,319;0,313;94,071;"2dgFqt3w9xIQRjhPtwNk3D";4;198533;FALSE;"Death By A Thousand Cuts";10;"spotify:track:2dgFqt3w9xIQRjhPtwNk3D";"Lover";"E";"major";"E major"
"Taylor Swift";"06HL4z0CvFAxyc27GXpf02";"1NAmidJlEaVgA3MpcPFYGq";"2019-08-23";2019;0,695;0,71;1;-6,639;1;0,05;0,0246;0,000104;0,133;0,557;157,925;"1LLXZFeAHK9R4xUramtUKw";4;190240;FALSE;"London Boy";11;"spotify:track:1LLXZFeAHK9R4xUramtUKw";"Lover";"C#";"major";"C# major"
"Taylor Swift";"06HL4z0CvFAxyc27GXpf02";"1NAmidJlEaVgA3MpcPFYGq";"2019-08-23";2019;0,433;0,182;0;-12,566;1;0,0641;0,907;0;0,123;0,421;207,476;"4AYtqFyFbX0Xkc2wtcygTr";4;201586;FALSE;"Soon You’ll Get Better (feat. The Chicks)";12;"spotify:track:4AYtqFyFbX0Xkc2wtcygTr";"Lover";"C";"major";"C major"
"Taylor Swift";"06HL4z0CvFAxyc27GXpf02";"1NAmidJlEaVgA3MpcPFYGq";"2019-08-23";2019;0,739;0,32;11;-10,862;0;0,239;0,736;0,000147;0,111;0,351;79,97;"5hQSXkFgbxjZo9uCwd11so";4;200306;FALSE;"False God";13;"spotify:track:5hQSXkFgbxjZo9uCwd11so";"Lover";"B";"minor";"B minor"
"Taylor Swift";"06HL4z0CvFAxyc27GXpf02";"1NAmidJlEaVgA3MpcPFYGq";"2019-08-23";2019;0,771;0,671;2;-5,617;1;0,0553;0,00929;0;0,0637;0,714;85,026;"6RRNNciQGZEXnqk8SQ9yv5";4;171360;FALSE;"You Need To Calm Down";14;"spotify:track:6RRNNciQGZEXnqk8SQ9yv5";"Lover";"D";"major";"D major"
"Taylor Swift";"06HL4z0CvFAxyc27GXpf02";"1NAmidJlEaVgA3MpcPFYGq";"2019-08-23";2019;0,756;0,449;9;-8,746;1;0,0344;0,13;0;0,114;0,399;111,011;"1SymEzIT3H8UZfibCs3TYi";4;223293;FALSE;"Afterglow";15;"spotify:track:1SymEzIT3H8UZfibCs3TYi";"Lover";"A";"major";"A major"
"Taylor Swift";"06HL4z0CvFAxyc27GXpf02";"1NAmidJlEaVgA3MpcPFYGq";"2019-08-23";2019;0,61;0,83;0;-4,105;1;0,0571;0,033;0;0,118;0,728;182,162;"2Rk4JlNc2TPmZe2af99d45";4;193000;FALSE;"ME! (feat. Brendon Urie of Panic! At The Disco)";16;"spotify:track:2Rk4JlNc2TPmZe2af99d45";"Lover";"C";"major";"C major"
"Taylor Swift";"06HL4z0CvFAxyc27GXpf02";"1NAmidJlEaVgA3MpcPFYGq";"2019-08-23";2019;0,737;0,175;10;-9,912;1;0,0401;0,971;0,000337;0,171;0,545;70,008;"1SmiQ65iSAbPto6gPFlBYm";4;150440;FALSE;"It’s Nice To Have A Friend";17;"spotify:track:1SmiQ65iSAbPto6gPFlBYm";"Lover";"A#";"major";"A# major"
"Taylor Swift";"06HL4z0CvFAxyc27GXpf02";"1NAmidJlEaVgA3MpcPFYGq";"2019-08-23";2019;0,557;0,496;0;-9,602;1;0,0563;0,808;0,000173;0,0772;0,265;149,983;"1fzAuUVbzlhZ1lJAx9PtY6";4;293453;FALSE;"Daylight";18;"spotify:track:1fzAuUVbzlhZ1lJAx9PtY6";"Lover";"C";"major";"C major"
"Taylor Swift";"06HL4z0CvFAxyc27GXpf02";"6DEjYFkNZh67HP7R9PSZvv";"2017-11-10";2017;0,613;0,764;2;-6,509;1;0,136;0,0527;0;0,197;0,417;160,015;"2yLa0QULdQr0qAIvVwN6B5";4;208186;FALSE;"...Ready For It?";1;"spotify:track:2yLa0QULdQr0qAIvVwN6B5";"reputation";"D";"major";"D major"
"Taylor Swift";"06HL4z0CvFAxyc27GXpf02";"6DEjYFkNZh67HP7R9PSZvv";"2017-11-10";2017;0,649;0,589;2;-6,237;1;0,0558;0,00845;0;0,108;0,151;159,073;"2x0WlnmfG39ZuDmstl9xfX";4;244826;FALSE;"End Game";2;"spotify:track:2x0WlnmfG39ZuDmstl9xfX";"reputation";"D";"major";"D major"
"Taylor Swift";"06HL4z0CvFAxyc27GXpf02";"6DEjYFkNZh67HP7R9PSZvv";"2017-11-10";2017;0,696;0,602;0;-6,156;0;0,159;0,0679;2,11e-05;0,0696;0,305;82,989;"4svZDCRz4cJoneBpjpx8DJ";4;238253;FALSE;"I Did Something Bad";3;"spotify:track:4svZDCRz4cJoneBpjpx8DJ";"reputation";"C";"minor";"C minor"
"Taylor Swift";"06HL4z0CvFAxyc27GXpf02";"6DEjYFkNZh67HP7R9PSZvv";"2017-11-10";2017;0,615;0,534;9;-6,719;0;0,0386;0,106;1,76e-05;0,0607;0,193;135,917;"1R0a2iXumgCiFb7HEZ7gUE";4;236413;FALSE;"Don’t Blame Me";4;"spotify:track:1R0a2iXumgCiFb7HEZ7gUE";"reputation";"A";"minor";"A minor"
"Taylor Swift";"06HL4z0CvFAxyc27GXpf02";"6DEjYFkNZh67HP7R9PSZvv";"2017-11-10";2017;0,75;0,404;9;-10,178;0;0,0682;0,216;0,000357;0,0911;0,0499;95,045;"6NFyWDv5CjfwuzoCkw47Xf";4;232253;FALSE;"Delicate";5;"spotify:track:6NFyWDv5CjfwuzoCkw47Xf";"reputation";"A";"minor";"A minor"
"Taylor Swift";"06HL4z0CvFAxyc27GXpf02";"6DEjYFkNZh67HP7R9PSZvv";"2017-11-10";2017;0,766;0,709;9;-6,471;0;0,123;0,204;1,41e-05;0,126;0,506;128,07;"1P17dC1amhFzptugyAO7Il";4;211853;FALSE;"Look What You Made Me Do";6;"spotify:track:1P17dC1amhFzptugyAO7Il";"reputation";"A";"minor";"A minor"
"Taylor Swift";"06HL4z0CvFAxyc27GXpf02";"6DEjYFkNZh67HP7R9PSZvv";"2017-11-10";2017;0,574;0,61;2;-7,283;1;0,0732;0,122;1,1e-06;0,13;0,374;74,957;"5PxFv9yJEg9dxvbZggykro";4;227906;FALSE;"So It Goes...";7;"spotify:track:5PxFv9yJEg9dxvbZggykro";"reputation";"D";"major";"D major"
"Taylor Swift";"06HL4z0CvFAxyc27GXpf02";"6DEjYFkNZh67HP7R9PSZvv";"2017-11-10";2017;0,8;0,535;7;-6,684;1;0,135;0,0713;9,48e-06;0,213;0,451;92,027;"1ZY1PqizIl78geGM4xWlEA";4;209680;FALSE;"Gorgeous";8;"spotify:track:1ZY1PqizIl78geGM4xWlEA";"reputation";"G";"major";"G major"
"Taylor Swift";"06HL4z0CvFAxyc27GXpf02";"6DEjYFkNZh67HP7R9PSZvv";"2017-11-10";2017;0,562;0,689;2;-6,745;1;0,127;0,00465;2,23e-06;0,0888;0,351;172,054;"0VE4kBnHJUgtMf0dy6DRmW";4;233626;FALSE;"Getaway Car";9;"spotify:track:0VE4kBnHJUgtMf0dy6DRmW";"reputation";"D";"major";"D major"
"Taylor Swift";"06HL4z0CvFAxyc27GXpf02";"6DEjYFkNZh67HP7R9PSZvv";"2017-11-10";2017;0,675;0,703;0;-7,902;1;0,0382;0,00882;2,21e-06;0,0391;0,314;110,01;"7HuBDWi18s4aJM8UFnNheH";4;214320;FALSE;"King Of My Heart";10;"spotify:track:7HuBDWi18s4aJM8UFnNheH";"reputation";"C";"major";"C major"
"Taylor Swift";"06HL4z0CvFAxyc27GXpf02";"6DEjYFkNZh67HP7R9PSZvv";"2017-11-10";2017;0,624;0,691;0;-6,686;0;0,196;0,0604;1,1e-05;0,138;0,284;160,024;"7I7JbDv63ZJJsSi24DyJrz";4;211506;FALSE;"Dancing With Our Hands Tied";11;"spotify:track:7I7JbDv63ZJJsSi24DyJrz";"reputation";"C";"minor";"C minor"
"Taylor Swift";"06HL4z0CvFAxyc27GXpf02";"6DEjYFkNZh67HP7R9PSZvv";"2017-11-10";2017;0,719;0,469;0;-8,792;1;0,0533;0,0329;0;0,169;0,0851;120,085;"6oVxXO5oQ4pTpO8RSnkzvv";4;230373;FALSE;"Dress";12;"spotify:track:6oVxXO5oQ4pTpO8RSnkzvv";"reputation";"C";"major";"C major"
"Taylor Swift";"06HL4z0CvFAxyc27GXpf02";"6DEjYFkNZh67HP7R9PSZvv";"2017-11-10";2017;0,567;0,789;5;-5,986;1;0,115;0,0156;0;0,382;0,438;163,96;"07NxDD1iKCHbAldceD7QLP";4;207133;FALSE;"This Is Why We Can't Have Nice Things";13;"spotify:track:07NxDD1iKCHbAldceD7QLP";"reputation";"F";"major";"F major"
"Taylor Swift";"06HL4z0CvFAxyc27GXpf02";"6DEjYFkNZh67HP7R9PSZvv";"2017-11-10";2017;0,598;0,504;9;-9,874;1;0,0731;0,186;0,000221;0,34;0,252;163,954;"1GwMQaZz6Au3QLDbjbMdme";4;203506;FALSE;"Call It What You Want";14;"spotify:track:1GwMQaZz6Au3QLDbjbMdme";"reputation";"A";"major";"A major"
"Taylor Swift";"06HL4z0CvFAxyc27GXpf02";"6DEjYFkNZh67HP7R9PSZvv";"2017-11-10";2017;0,661;0,151;0;-12,864;1;0,0354;0,921;0;0,13;0,23;94,922;"7F5oktn5YOsR9eR5YsFtqb";4;235466;FALSE;"New Year’s Day";15;"spotify:track:7F5oktn5YOsR9eR5YsFtqb";"reputation";"C";"major";"C major"
"Taylor Swift";"06HL4z0CvFAxyc27GXpf02";"4uUAUqIfSomFTbbjGp3TYp";"2014-10-27";2014;0,793;0,634;7;-4,807;1;0,0324;0,038;1,76e-06;0,304;0,615;117,023;"2C8lcuMwQrCdUIiKISCYfE";4;212600;FALSE;"Welcome To New York";1;"spotify:track:2C8lcuMwQrCdUIiKISCYfE";"1989";"G";"major";"G major"
"Taylor Swift";"06HL4z0CvFAxyc27GXpf02";"4uUAUqIfSomFTbbjGp3TYp";"2014-10-27";2014;0,752;0,678;5;-5,421;1;0,0646;0,085;1,64e-06;0,13;0,583;96,009;"1vwCXIAjSkUxvn78Cmz84g";4;231826;FALSE;"Blank Space";2;"spotify:track:1vwCXIAjSkUxvn78Cmz84g";"1989";"F";"major";"F major"
"Taylor Swift";"06HL4z0CvFAxyc27GXpf02";"4uUAUqIfSomFTbbjGp3TYp";"2014-10-27";2014;0,598;0,786;2;-5,572;1;0,0382;0,00256;0,00143;0,117;0,456;95,021;"2azpRNbgwmjSmmQZ5PGJGT";4;231000;FALSE;"Style";3;"spotify:track:2azpRNbgwmjSmmQZ5PGJGT";"1989";"D";"major";"D major"
"Taylor Swift";"06HL4z0CvFAxyc27GXpf02";"4uUAUqIfSomFTbbjGp3TYp";"2014-10-27";2014;0,552;0,841;7;-6,938;1;0,0372;0,00103;1,23e-05;0,337;0,342;91,993;"235hvG1TA5qebFjijpCmaV";4;235800;FALSE;"Out Of The Woods";4;"spotify:track:235hvG1TA5qebFjijpCmaV";"1989";"G";"major";"G major"
"Taylor Swift";"06HL4z0CvFAxyc27GXpf02";"4uUAUqIfSomFTbbjGp3TYp";"2014-10-27";2014;0,602;0,735;5;-5,778;1;0,0337;0,00196;4,77e-05;0,105;0,472;96,969;"4i9dEGgLlZdSmR4lPXRYiS";4;193293;FALSE;"All You Had To Do Was Stay";5;"spotify:track:4i9dEGgLlZdSmR4lPXRYiS";"1989";"F";"major";"F major"
"Taylor Swift";"06HL4z0CvFAxyc27GXpf02";"4uUAUqIfSomFTbbjGp3TYp";"2014-10-27";2014;0,648;0,785;7;-5,414;1;0,165;0,0561;0;0,148;0,943;160,02;"5WuBu7WHqaDAIs5dikGclg";4;219200;FALSE;"Shake It Off";6;"spotify:track:5WuBu7WHqaDAIs5dikGclg";"1989";"G";"major";"G major"
"Taylor Swift";"06HL4z0CvFAxyc27GXpf02";"4uUAUqIfSomFTbbjGp3TYp";"2014-10-27";2014;0,649;0,898;0;-5,963;1;0,0511;0,016;9,9e-05;0,109;0,503;118,027;"4yH40E15Nwfcroj5Ofooo7";4;207440;FALSE;"I Wish You Would";7;"spotify:track:4yH40E15Nwfcroj5Ofooo7";"1989";"C";"major";"C major"
"Taylor Swift";"06HL4z0CvFAxyc27GXpf02";"4uUAUqIfSomFTbbjGp3TYp";"2014-10-27";2014;0,652;0,802;7;-6,114;1;0,181;0,0871;6,45e-06;0,148;0,295;170,157;"2Twii5CeqM86JxSrnPgydn";4;211933;FALSE;"Bad Blood";8;"spotify:track:2Twii5CeqM86JxSrnPgydn";"1989";"G";"major";"G major"
"Taylor Swift";"06HL4z0CvFAxyc27GXpf02";"4uUAUqIfSomFTbbjGp3TYp";"2014-10-27";2014;0,553;0,664;8;-7,417;1;0,0741;0,0709;0,0056;0,106;0,467;140,06;"6oWDkRuzwIak4Z2b0M2qAv";4;220440;FALSE;"Wildest Dreams";9;"spotify:track:6oWDkRuzwIak4Z2b0M2qAv";"1989";"G#";"major";"G# major"
"Taylor Swift";"06HL4z0CvFAxyc27GXpf02";"4uUAUqIfSomFTbbjGp3TYp";"2014-10-27";2014;0,764;0,659;5;-6,136;1;0,0492;0,00463;0,00458;0,0915;0,525;119,982;"5nU5Y20xKhavEai4qqbHl3";4;247533;FALSE;"How You Get The Girl";10;"spotify:track:5nU5Y20xKhavEai4qqbHl3";"1989";"F";"major";"F major"
"Taylor Swift";"06HL4z0CvFAxyc27GXpf02";"4uUAUqIfSomFTbbjGp3TYp";"2014-10-27";2014;0,485;0,459;4;-8,768;1;0,0337;0,635;0;0,101;0,0858;71,981;"1LAsr8OiF3et5bPZ7o9jsZ";4;250093;FALSE;"This Love";11;"spotify:track:1LAsr8OiF3et5bPZ7o9jsZ";"1989";"E";"major";"E major"
"Taylor Swift";"06HL4z0CvFAxyc27GXpf02";"4uUAUqIfSomFTbbjGp3TYp";"2014-10-27";2014;0,595;0,763;0;-4,991;1;0,0661;0,231;0;0,2;0,507;159,959;"3S9IvjroLrk0D8hBGOfC1h";4;195706;FALSE;"I Know Places";12;"spotify:track:3S9IvjroLrk0D8hBGOfC1h";"1989";"C";"major";"C major"
"Taylor Swift";"06HL4z0CvFAxyc27GXpf02";"4uUAUqIfSomFTbbjGp3TYp";"2014-10-27";2014;0,81;0,38;4;-7,755;1;0,035;0,242;0;0,113;0,211;103,981;"1x6NaAEZYYGO95PekFcu5C";4;271000;FALSE;"Clean";13;"spotify:track:1x6NaAEZYYGO95PekFcu5C";"1989";"E";"major";"E major"
"Taylor Swift";"06HL4z0CvFAxyc27GXpf02";"2QJmrSgbdM35R67eoGQo4j";"2014-10-27";2014;0,793;0,634;7;-4,807;1;0,0324;0,038;1,76e-06;0,304;0,615;117,023;"6qnM0XXPZOINWA778uNqQ9";4;212600;FALSE;"Welcome To New York";1;"spotify:track:6qnM0XXPZOINWA778uNqQ9";"1989";"G";"major";"G major"
"Taylor Swift";"06HL4z0CvFAxyc27GXpf02";"2QJmrSgbdM35R67eoGQo4j";"2014-10-27";2014;0,752;0,678;5;-5,421;1;0,0646;0,085;1,64e-06;0,13;0,583;96,009;"1p80LdxRV74UKvL8gnD7ky";4;231826;FALSE;"Blank Space";2;"spotify:track:1p80LdxRV74UKvL8gnD7ky";"1989";"F";"major";"F major"
"Taylor Swift";"06HL4z0CvFAxyc27GXpf02";"2QJmrSgbdM35R67eoGQo4j";"2014-10-27";2014;0,598;0,786;2;-5,572;1;0,0382;0,00256;0,00143;0,117;0,456;95,021;"4lIxdJw6W3Fg4vUIYCB0S5";4;231000;FALSE;"Style";3;"spotify:track:4lIxdJw6W3Fg4vUIYCB0S5";"1989";"D";"major";"D major"
"Taylor Swift";"06HL4z0CvFAxyc27GXpf02";"2QJmrSgbdM35R67eoGQo4j";"2014-10-27";2014;0,552;0,841;7;-6,938;1;0,0372;0,00103;1,23e-05;0,337;0,342;91,993;"5OndtwLGA9O6XHFcGm2H7r";4;235800;FALSE;"Out Of The Woods";4;"spotify:track:5OndtwLGA9O6XHFcGm2H7r";"1989";"G";"major";"G major"
"Taylor Swift";"06HL4z0CvFAxyc27GXpf02";"2QJmrSgbdM35R67eoGQo4j";"2014-10-27";2014;0,602;0,735;5;-5,778;1;0,0337;0,00196;4,77e-05;0,105;0,472;96,969;"0dAb8TY433dl3ZfXYCLE19";4;193293;FALSE;"All You Had To Do Was Stay";5;"spotify:track:0dAb8TY433dl3ZfXYCLE19";"1989";"F";"major";"F major"
"Taylor Swift";"06HL4z0CvFAxyc27GXpf02";"2QJmrSgbdM35R67eoGQo4j";"2014-10-27";2014;0,648;0,785;7;-5,414;1;0,165;0,0561;0;0,148;0,943;160,02;"5xTtaWoae3wi06K5WfVUUH";4;219200;FALSE;"Shake It Off";6;"spotify:track:5xTtaWoae3wi06K5WfVUUH";"1989";"G";"major";"G major"
"Taylor Swift";"06HL4z0CvFAxyc27GXpf02";"2QJmrSgbdM35R67eoGQo4j";"2014-10-27";2014;0,649;0,898;0;-5,963;1;0,0511;0,016;9,9e-05;0,109;0,503;118,027;"3wmN11qXGL0HyPojvEE1D9";4;207440;FALSE;"I Wish You Would";7;"spotify:track:3wmN11qXGL0HyPojvEE1D9";"1989";"C";"major";"C major"
"Taylor Swift";"06HL4z0CvFAxyc27GXpf02";"2QJmrSgbdM35R67eoGQo4j";"2014-10-27";2014;0,652;0,802;7;-6,114;1;0,181;0,0871;6,45e-06;0,148;0,295;170,157;"273dCMFseLcVsoSWx59IoE";4;211933;FALSE;"Bad Blood";8;"spotify:track:273dCMFseLcVsoSWx59IoE";"1989";"G";"major";"G major"
"Taylor Swift";"06HL4z0CvFAxyc27GXpf02";"2QJmrSgbdM35R67eoGQo4j";"2014-10-27";2014;0,553;0,664;8;-7,417;1;0,0741;0,0709;0,0056;0,106;0,467;140,06;"59HjlYCeBsxdI0fcm3zglw";4;220440;FALSE;"Wildest Dreams";9;"spotify:track:59HjlYCeBsxdI0fcm3zglw";"1989";"G#";"major";"G# major"
"Taylor Swift";"06HL4z0CvFAxyc27GXpf02";"2QJmrSgbdM35R67eoGQo4j";"2014-10-27";2014;0,764;0,659;5;-6,136;1;0,0492;0,00463;0,00458;0,0915;0,525;119,982;"4dYUOfmWna6DFccnz732n8";4;247533;FALSE;"How You Get The Girl";10;"spotify:track:4dYUOfmWna6DFccnz732n8";"1989";"F";"major";"F major"
"Taylor Swift";"06HL4z0CvFAxyc27GXpf02";"2QJmrSgbdM35R67eoGQo4j";"2014-10-27";2014;0,485;0,459;4;-8,768;1;0,0337;0,635;0;0,101;0,0858;71,981;"3oKMl2tJv4fdidkXUYMI5x";4;250093;FALSE;"This Love";11;"spotify:track:3oKMl2tJv4fdidkXUYMI5x";"1989";"E";"major";"E major"
"Taylor Swift";"06HL4z0CvFAxyc27GXpf02";"2QJmrSgbdM35R67eoGQo4j";"2014-10-27";2014;0,595;0,763;0;-4,991;1;0,0661;0,231;0;0,2;0,507;159,959;"3jBMHD19RZdAqG9iFQh7xc";4;195706;FALSE;"I Know Places";12;"spotify:track:3jBMHD19RZdAqG9iFQh7xc";"1989";"C";"major";"C major"
"Taylor Swift";"06HL4z0CvFAxyc27GXpf02";"2QJmrSgbdM35R67eoGQo4j";"2014-10-27";2014;0,81;0,38;4;-7,755;1;0,035;0,242;0;0,113;0,211;103,981;"06WgOCf0LV2h4keYXDRnuh";4;271000;FALSE;"Clean";13;"spotify:track:06WgOCf0LV2h4keYXDRnuh";"1989";"E";"major";"E major"
"Taylor Swift";"06HL4z0CvFAxyc27GXpf02";"5fy0X0JmZRZnVa2UEicIOl";"2014-01-01";2014;0,793;0,634;7;-4,807;1;0,0324;0,038;1,76e-06;0,304;0,615;117,023;"10nqz67NQWWa7XPq7ycihi";4;212600;FALSE;"Welcome To New York";1;"spotify:track:10nqz67NQWWa7XPq7ycihi";"1989";"G";"major";"G major"
"Taylor Swift";"06HL4z0CvFAxyc27GXpf02";"5fy0X0JmZRZnVa2UEicIOl";"2014-01-01";2014;0,752;0,678;5;-5,421;1;0,0646;0,085;1,64e-06;0,13;0,583;96,009;"2ls70nUDfjzm1lSRDuKxmw";4;231826;FALSE;"Blank Space";2;"spotify:track:2ls70nUDfjzm1lSRDuKxmw";"1989";"F";"major";"F major"
"Taylor Swift";"06HL4z0CvFAxyc27GXpf02";"5fy0X0JmZRZnVa2UEicIOl";"2014-01-01";2014;0,598;0,786;2;-5,572;1;0,0382;0,00256;0,00143;0,117;0,456;95,021;"71PmZqBXH0RUETqxpwlV0w";4;231000;FALSE;"Style";3;"spotify:track:71PmZqBXH0RUETqxpwlV0w";"1989";"D";"major";"D major"
"Taylor Swift";"06HL4z0CvFAxyc27GXpf02";"5fy0X0JmZRZnVa2UEicIOl";"2014-01-01";2014;0,552;0,841;7;-6,938;1;0,0372;0,00103;1,23e-05;0,337;0,342;91,993;"7EpVQjqtKygiwJIASxMWNg";4;235800;FALSE;"Out Of The Woods";4;"spotify:track:7EpVQjqtKygiwJIASxMWNg";"1989";"G";"major";"G major"
"Taylor Swift";"06HL4z0CvFAxyc27GXpf02";"5fy0X0JmZRZnVa2UEicIOl";"2014-01-01";2014;0,602;0,735;5;-5,778;1;0,0337;0,00196;4,77e-05;0,105;0,472;96,969;"4NNolUeL5m2ju7kf8pdg6H";4;193293;FALSE;"All You Had To Do Was Stay";5;"spotify:track:4NNolUeL5m2ju7kf8pdg6H";"1989";"F";"major";"F major"
"Taylor Swift";"06HL4z0CvFAxyc27GXpf02";"5fy0X0JmZRZnVa2UEicIOl";"2014-01-01";2014;0,648;0,785;7;-5,414;1;0,165;0,0561;0;0,148;0,943;160,02;"1kKlhuQE0HXp1IwBRpaH2P";4;219200;FALSE;"Shake It Off";6;"spotify:track:1kKlhuQE0HXp1IwBRpaH2P";"1989";"G";"major";"G major"
"Taylor Swift";"06HL4z0CvFAxyc27GXpf02";"5fy0X0JmZRZnVa2UEicIOl";"2014-01-01";2014;0,649;0,898;0;-5,963;1;0,0511;0,016;9,9e-05;0,109;0,503;118,027;"5RVJ6VKfwtosA5Q1qeHdjF";4;207440;FALSE;"I Wish You Would";7;"spotify:track:5RVJ6VKfwtosA5Q1qeHdjF";"1989";"C";"major";"C major"
"Taylor Swift";"06HL4z0CvFAxyc27GXpf02";"5fy0X0JmZRZnVa2UEicIOl";"2014-01-01";2014;0,652;0,802;7;-6,114;1;0,181;0,0871;6,45e-06;0,148;0,295;170,157;"0TvQLMecTE8utzoNmvXRbK";4;211933;FALSE;"Bad Blood";8;"spotify:track:0TvQLMecTE8utzoNmvXRbK";"1989";"G";"major";"G major"
"Taylor Swift";"06HL4z0CvFAxyc27GXpf02";"5fy0X0JmZRZnVa2UEicIOl";"2014-01-01";2014;0,553;0,664;8;-7,417;1;0,0741;0,0709;0,0056;0,106;0,467;140,06;"3fVnlF4pGqWI9flVENcT28";4;220440;FALSE;"Wildest Dreams";9;"spotify:track:3fVnlF4pGqWI9flVENcT28";"1989";"G#";"major";"G# major"
"Taylor Swift";"06HL4z0CvFAxyc27GXpf02";"5fy0X0JmZRZnVa2UEicIOl";"2014-01-01";2014;0,764;0,659;5;-6,136;1;0,0492;0,00463;0,00458;0,0915;0,525;119,982;"5Z9ocF6ng0m2haHnKtHwTp";4;247533;FALSE;"How You Get The Girl";10;"spotify:track:5Z9ocF6ng0m2haHnKtHwTp";"1989";"F";"major";"F major"
"Taylor Swift";"06HL4z0CvFAxyc27GXpf02";"5fy0X0JmZRZnVa2UEicIOl";"2014-01-01";2014;0,485;0,459;4;-8,768;1;0,0337;0,635;0;0,101;0,0858;71,981;"7lTxQZVXlvIX7Z3szSy8Sh";4;250093;FALSE;"This Love";11;"spotify:track:7lTxQZVXlvIX7Z3szSy8Sh";"1989";"E";"major";"E major"
"Taylor Swift";"06HL4z0CvFAxyc27GXpf02";"5fy0X0JmZRZnVa2UEicIOl";"2014-01-01";2014;0,595;0,763;0;-4,991;1;0,0661;0,231;0;0,2;0,507;159,959;"6Ck9WerfsyvC4v4AylUoDp";4;195706;FALSE;"I Know Places";12;"spotify:track:6Ck9WerfsyvC4v4AylUoDp";"1989";"C";"major";"C major"
"Taylor Swift";"06HL4z0CvFAxyc27GXpf02";"5fy0X0JmZRZnVa2UEicIOl";"2014-01-01";2014;0,81;0,38;4;-7,755;1;0,035;0,242;0;0,113;0,211;103,981;"2k43eySbfpDVx0PrO99UI8";4;271000;FALSE;"Clean";13;"spotify:track:2k43eySbfpDVx0PrO99UI8";"1989";"E";"major";"E major"
"Taylor Swift";"06HL4z0CvFAxyc27GXpf02";"1EoDsNmgTLtmwe1BDAVxV5";"2012-10-22";2012;0,588;0,825;4;-5,882;1;0,0328;0,000197;0,00138;0,0885;0,397;129,968;"786NsUYn4GGUf8AOt0SQhP";4;295186;FALSE;"State Of Grace";1;"spotify:track:786NsUYn4GGUf8AOt0SQhP";"Red";"E";"major";"E major"
"Taylor Swift";"06HL4z0CvFAxyc27GXpf02";"1EoDsNmgTLtmwe1BDAVxV5";"2012-10-22";2012;0,602;0,896;1;-4,267;0;0,0437;0,0773;8,87e-05;0,091;0,641;124,978;"0cITLOYn1Sv4q27zZPqlNK";4;220826;FALSE;"Red";2;"spotify:track:0cITLOYn1Sv4q27zZPqlNK";"Red";"C#";"minor";"C# minor"
"Taylor Swift";"06HL4z0CvFAxyc27GXpf02";"1EoDsNmgTLtmwe1BDAVxV5";"2012-10-22";2012;0,705;0,621;2;-8,086;1;0,0334;0,101;4,3e-06;0,147;0,395;109,993;"5kYFVSQoPu7yRpfiHBwMUk";4;240773;FALSE;"Treacherous";3;"spotify:track:5kYFVSQoPu7yRpfiHBwMUk";"Red";"D";"major";"D major"
"Taylor Swift";"06HL4z0CvFAxyc27GXpf02";"1EoDsNmgTLtmwe1BDAVxV5";"2012-10-22";2012;0,622;0,469;3;-6,798;0;0,0363;0,00454;2,25e-06;0,0398;0,679;77,019;"72jCZdH0Lhg93z6Z4hBjgj";4;217973;FALSE;"I Knew You Were Trouble.";4;"spotify:track:72jCZdH0Lhg93z6Z4hBjgj";"Red";"D#";"minor";"D# minor"
"Taylor Swift";"06HL4z0CvFAxyc27GXpf02";"1EoDsNmgTLtmwe1BDAVxV5";"2012-10-22";2012;0,602;0,609;0;-7,803;1;0,0243;0,0382;2e-04;0,127;0,337;93,06;"4XMP3zVxrnr58T0tjIHvpR";4;327893;FALSE;"All Too Well";5;"spotify:track:4XMP3zVxrnr58T0tjIHvpR";"Red";"C";"major";"C major"
"Taylor Swift";"06HL4z0CvFAxyc27GXpf02";"1EoDsNmgTLtmwe1BDAVxV5";"2012-10-22";2012;0,658;0,729;7;-6,561;1;0,0378;0,00215;0,0013;0,0752;0,668;104,007;"2ULNeSomDxVNmdDy8VxEBU";4;230133;FALSE;"22";6;"spotify:track:2ULNeSomDxVNmdDy8VxEBU";"Red";"G";"major";"G major"
"Taylor Swift";"06HL4z0CvFAxyc27GXpf02";"1EoDsNmgTLtmwe1BDAVxV5";"2012-10-22";2012;0,567;0,481;4;-7,357;1;0,027;0,0173;4,13e-05;0,182;0,233;145,865;"5VwFkx7JOimOGTYfha5rs1";4;242573;FALSE;"I Almost Do";7;"spotify:track:5VwFkx7JOimOGTYfha5rs1";"Red";"E";"major";"E major"
"Taylor Swift";"06HL4z0CvFAxyc27GXpf02";"1EoDsNmgTLtmwe1BDAVxV5";"2012-10-22";2012;0,628;0,676;7;-5,911;1;0,0916;0,00957;2,65e-05;0,102;0,75;85,984;"7AEAGTc8cReDqcbPoY9gwo";4;191880;FALSE;"We Are Never Ever Getting Back Together";8;"spotify:track:7AEAGTc8cReDqcbPoY9gwo";"Red";"G";"major";"G major"
"Taylor Swift";"06HL4z0CvFAxyc27GXpf02";"1EoDsNmgTLtmwe1BDAVxV5";"2012-10-22";2012;0,729;0,748;0;-6,67;1;0,0245;0,307;1,29e-06;0,09;0,928;99,981;"1qLeEu4iXEclkLwoBlMiou";4;204826;FALSE;"Stay Stay Stay";9;"spotify:track:1qLeEu4iXEclkLwoBlMiou";"Red";"C";"major";"C major"
"Taylor Swift";"06HL4z0CvFAxyc27GXpf02";"1EoDsNmgTLtmwe1BDAVxV5";"2012-10-22";2012;0,505;0,443;2;-7,039;1;0,0276;0,035;3,15e-06;0,0921;0,123;94,069;"3n9mzjgAzjyKawvbHzciXF";4;298293;FALSE;"The Last Time";10;"spotify:track:3n9mzjgAzjyKawvbHzciXF";"Red";"D";"major";"D major"
"Taylor Swift";"06HL4z0CvFAxyc27GXpf02";"1EoDsNmgTLtmwe1BDAVxV5";"2012-10-22";2012;0,627;0,816;4;-6,698;1;0,0774;0,0162;0,00208;0,0966;0,648;157,043;"1fGsZsIkQkOspfsT24nQP6";4;201853;FALSE;"Holy Ground";11;"spotify:track:1fGsZsIkQkOspfsT24nQP6";"Red";"E";"major";"E major"
"Taylor Swift";"06HL4z0CvFAxyc27GXpf02";"1EoDsNmgTLtmwe1BDAVxV5";"2012-10-22";2012;0,624;0,34;7;-12,411;1;0,029;0,632;0,0337;0,121;0,261;129,987;"6LKjHhOW1az75pCQ9XJJtF";3;283680;FALSE;"Sad Beautiful Tragic";12;"spotify:track:6LKjHhOW1az75pCQ9XJJtF";"Red";"G";"major";"G major"
"Taylor Swift";"06HL4z0CvFAxyc27GXpf02";"1EoDsNmgTLtmwe1BDAVxV5";"2012-10-22";2012;0,706;0,499;4;-7,675;1;0,0369;0,0371;0;0,132;0,545;117,937;"2X2J0BhxaLTmnxO4pPUhSd";4;240133;FALSE;"The Lucky One";13;"spotify:track:2X2J0BhxaLTmnxO4pPUhSd";"Red";"E";"major";"E major"
"Taylor Swift";"06HL4z0CvFAxyc27GXpf02";"1EoDsNmgTLtmwe1BDAVxV5";"2012-10-22";2012;0,624;0,458;6;-6,755;1;0,0287;0,36;3,89e-06;0,303;0,436;80,017;"4NAmRvqSITAAzKWnC8yRq3";4;243933;FALSE;"Everything Has Changed";14;"spotify:track:4NAmRvqSITAAzKWnC8yRq3";"Red";"F#";"major";"F# major"
"Taylor Swift";"06HL4z0CvFAxyc27GXpf02";"1EoDsNmgTLtmwe1BDAVxV5";"2012-10-22";2012;0,649;0,777;9;-5,804;1;0,0406;0,0213;0,000335;0,221;0,587;126,018;"7MecVsMj22MneZt7kVFaCr";4;217826;FALSE;"Starlight";15;"spotify:track:7MecVsMj22MneZt7kVFaCr";"Red";"A";"major";"A major"
"Taylor Swift";"06HL4z0CvFAxyc27GXpf02";"1EoDsNmgTLtmwe1BDAVxV5";"2012-10-22";2012;0,53;0,526;7;-8,349;1;0,0263;0,199;3,52e-06;0,232;0,323;79,025;"0L4YCNRfXAoTvdpWeH2RGj";4;237613;FALSE;"Begin Again";16;"spotify:track:0L4YCNRfXAoTvdpWeH2RGj";"Red";"G";"major";"G major"
"Taylor Swift";"06HL4z0CvFAxyc27GXpf02";"5MfAxS5zz8MlfROjGQVXhy";"2010-10-25";2010;0,624;0,757;7;-2,94;1;0,0296;0,00265;1,87e-06;0,189;0,658;121,07;"0dBW6ZsW8skfvoRfgeerBF";4;230706;FALSE;"Mine";1;"spotify:track:0dBW6ZsW8skfvoRfgeerBF";"Speak Now";"G";"major";"G major"
"Taylor Swift";"06HL4z0CvFAxyc27GXpf02";"5MfAxS5zz8MlfROjGQVXhy";"2010-10-25";2010;0,605;0,787;5;-3,002;1;0,0308;0,0396;1,42e-06;0,163;0,374;114,987;"6d9IiDcFxtFVIvt9pCqyGH";4;260933;FALSE;"Sparks Fly";2;"spotify:track:6d9IiDcFxtFVIvt9pCqyGH";"Speak Now";"F";"major";"F major"
"Taylor Swift";"06HL4z0CvFAxyc27GXpf02";"5MfAxS5zz8MlfROjGQVXhy";"2010-10-25";2010;0,529;0,67;2;-4,663;1;0,0303;0,117;0;0,334;0,286;141,893;"3DrjZArsPsoqbLzUZZV1Id";4;293026;FALSE;"Back To December";3;"spotify:track:3DrjZArsPsoqbLzUZZV1Id";"Speak Now";"D";"major";"D major"
"Taylor Swift";"06HL4z0CvFAxyc27GXpf02";"5MfAxS5zz8MlfROjGQVXhy";"2010-10-25";2010;0,709;0,599;7;-3,734;1;0,0304;0,095;0;0,0973;0,735;118,975;"24DefNCFiWTP8OjYWiXuYe";4;240760;FALSE;"Speak Now";4;"spotify:track:24DefNCFiWTP8OjYWiXuYe";"Speak Now";"G";"major";"G major"
"Taylor Swift";"06HL4z0CvFAxyc27GXpf02";"5MfAxS5zz8MlfROjGQVXhy";"2010-10-25";2010;0,589;0,47;4;-5,32;1;0,028;0,166;1,45e-06;0,112;0,102;119,386;"7hZuICN5eaCuQyp443RCt6";3;403920;FALSE;"Dear John";5;"spotify:track:7hZuICN5eaCuQyp443RCt6";"Speak Now";"E";"major";"E major"
"Taylor Swift";"06HL4z0CvFAxyc27GXpf02";"5MfAxS5zz8MlfROjGQVXhy";"2010-10-25";2010;0,568;0,761;4;-3,987;1;0,0459;0,452;0;0,217;0,789;163,974;"5yEPktRqvIhko5QFF3aBhQ";4;237733;FALSE;"Mean";6;"spotify:track:5yEPktRqvIhko5QFF3aBhQ";"Speak Now";"E";"major";"E major"
"Taylor Swift";"06HL4z0CvFAxyc27GXpf02";"5MfAxS5zz8MlfROjGQVXhy";"2010-10-25";2010;0,543;0,818;4;-3,611;1;0,0398;0,00478;0,000368;0,0357;0,683;139,898;"3RBluWmSoG2pGA1OePzGJI";4;265666;FALSE;"The Story Of Us";7;"spotify:track:3RBluWmSoG2pGA1OePzGJI";"Speak Now";"E";"major";"E major"
"Taylor Swift";"06HL4z0CvFAxyc27GXpf02";"5MfAxS5zz8MlfROjGQVXhy";"2010-10-25";2010;0,714;0,305;2;-8,837;1;0,0305;0,819;0;0,174;0,554;124,91;"1wJL1A0QUHJPf2cm7tsrdw";4;290466;FALSE;"Never Grow Up";8;"spotify:track:1wJL1A0QUHJPf2cm7tsrdw";"Speak Now";"D";"major";"D major"
"Taylor Swift";"06HL4z0CvFAxyc27GXpf02";"5MfAxS5zz8MlfROjGQVXhy";"2010-10-25";2010;0,455;0,623;8;-3,878;1;0,0288;0,0739;0,000424;0,146;0,208;163,893;"10eBRyImhfqVvkiVEGf0N0";4;352186;FALSE;"Enchanted";9;"spotify:track:10eBRyImhfqVvkiVEGf0N0";"Speak Now";"G#";"major";"G# major"
"Taylor Swift";"06HL4z0CvFAxyc27GXpf02";"5MfAxS5zz8MlfROjGQVXhy";"2010-10-25";2010;0,516;0,917;11;-3,186;0;0,0827;0,0139;6,37e-06;0,36;0,635;145,821;"2ythurkTtSiyfK7GprJoFW";4;217160;FALSE;"Better Than Revenge";10;"spotify:track:2ythurkTtSiyfK7GprJoFW";"Speak Now";"B";"minor";"B minor"
"Taylor Swift";"06HL4z0CvFAxyc27GXpf02";"5MfAxS5zz8MlfROjGQVXhy";"2010-10-25";2010;0,552;0,608;1;-5,29;0;0,0259;0,186;0;0,125;0,17;134,05;"5GPwN5iZ9ZMSXAkppj4Uvv";4;302253;FALSE;"Innocent";11;"spotify:track:5GPwN5iZ9ZMSXAkppj4Uvv";"Speak Now";"C#";"minor";"C# minor"
"Taylor Swift";"06HL4z0CvFAxyc27GXpf02";"5MfAxS5zz8MlfROjGQVXhy";"2010-10-25";2010;0,436;0,95;5;-2,627;1;0,057;0,0826;1,08e-06;0,149;0,352;162,088;"28M2gifMU282QBM3fKajIS";4;242080;FALSE;"Haunted";12;"spotify:track:28M2gifMU282QBM3fKajIS";"Speak Now";"F";"major";"F major"
"Taylor Swift";"06HL4z0CvFAxyc27GXpf02";"5MfAxS5zz8MlfROjGQVXhy";"2010-10-25";2010;0,371;0,341;10;-9,475;1;0,0319;0,57;3,09e-05;0,101;0,196;89,038;"4h0EXpatqJImv4VRgvX6po";1;367133;FALSE;"Last Kiss";13;"spotify:track:4h0EXpatqJImv4VRgvX6po";"Speak Now";"A#";"major";"A# major"
"Taylor Swift";"06HL4z0CvFAxyc27GXpf02";"5MfAxS5zz8MlfROjGQVXhy";"2010-10-25";2010;0,418;0,68;7;-4,3;1;0,0346;0,036;7,59e-05;0,108;0,142;204,125;"6XDBA3QWX51lDJ0oZbaJJN";4;317946;FALSE;"Long Live";14;"spotify:track:6XDBA3QWX51lDJ0oZbaJJN";"Speak Now";"G";"major";"G major"
"Taylor Swift";"06HL4z0CvFAxyc27GXpf02";"6Ar2o9KCqcyYF9J0aQP3au";"2010-01-01";2010;0,608;0,785;5;-2,976;1;0,0311;0,0387;0;0,158;0,376;114,985;"46NGAvL695VnbcSeTmQWmM";4;260946;FALSE;"Sparks Fly";2;"spotify:track:46NGAvL695VnbcSeTmQWmM";"Speak Now";"F";"major";"F major"
"Taylor Swift";"06HL4z0CvFAxyc27GXpf02";"6Ar2o9KCqcyYF9J0aQP3au";"2010-01-01";2010;0,517;0,606;2;-5,797;1;0,0289;0,0202;0;0,324;0,296;141,929;"5l6GqSxplqnZbLg0LTPQeG";4;293040;FALSE;"Back To December";3;"spotify:track:5l6GqSxplqnZbLg0LTPQeG";"Speak Now";"D";"major";"D major"
"Taylor Swift";"06HL4z0CvFAxyc27GXpf02";"6Ar2o9KCqcyYF9J0aQP3au";"2010-01-01";2010;0,708;0,601;7;-3,75;1;0,0306;0,101;0;0,0979;0,742;118,962;"7dXKdjpOaH2iwfFKmUj7aq";4;240773;FALSE;"Speak Now";4;"spotify:track:7dXKdjpOaH2iwfFKmUj7aq";"Speak Now";"G";"major";"G major"
"Taylor Swift";"06HL4z0CvFAxyc27GXpf02";"6Ar2o9KCqcyYF9J0aQP3au";"2010-01-01";2010;0,583;0,468;4;-5,378;1;0,0278;0,183;1,65e-06;0,111;0,126;119,375;"3K2es3gElMRJ3qvmPW442g";3;403933;FALSE;"Dear John";5;"spotify:track:3K2es3gElMRJ3qvmPW442g";"Speak Now";"E";"major";"E major"
"Taylor Swift";"06HL4z0CvFAxyc27GXpf02";"6Ar2o9KCqcyYF9J0aQP3au";"2010-01-01";2010;0,57;0,747;4;-3,978;1;0,0426;0,445;0;0,219;0,808;164,004;"0KztjtD3ytzgYjUKIVfBnW";4;237746;FALSE;"Mean";6;"spotify:track:0KztjtD3ytzgYjUKIVfBnW";"Speak Now";"E";"major";"E major"
"Taylor Swift";"06HL4z0CvFAxyc27GXpf02";"6Ar2o9KCqcyYF9J0aQP3au";"2010-01-01";2010;0,575;0,855;9;-4,827;1;0,0467;0,000315;0,00161;0,0419;0,84;139,92;"3lXekiVK1ZPZbKconsys73";4;265680;FALSE;"The Story Of Us";7;"spotify:track:3lXekiVK1ZPZbKconsys73";"Speak Now";"A";"major";"A major"
"Taylor Swift";"06HL4z0CvFAxyc27GXpf02";"6Ar2o9KCqcyYF9J0aQP3au";"2010-01-01";2010;0,715;0,308;2;-8,829;1;0,0305;0,829;0;0,16;0,547;124,899;"3JilapcaOXzjR9gtvCY8FO";4;290480;FALSE;"Never Grow Up";8;"spotify:track:3JilapcaOXzjR9gtvCY8FO";"Speak Now";"D";"major";"D major"
"Taylor Swift";"06HL4z0CvFAxyc27GXpf02";"6Ar2o9KCqcyYF9J0aQP3au";"2010-01-01";2010;0,535;0,618;8;-3,913;1;0,0273;0,0716;0,000388;0,169;0,228;81,975;"04S1pkp1VaIqjg8zZqknR5";4;352200;FALSE;"Enchanted";9;"spotify:track:04S1pkp1VaIqjg8zZqknR5";"Speak Now";"G#";"major";"G# major"
"Taylor Swift";"06HL4z0CvFAxyc27GXpf02";"6Ar2o9KCqcyYF9J0aQP3au";"2010-01-01";2010;0,519;0,917;11;-3,185;0;0,0887;0,0167;2,06e-05;0,359;0,652;145,882;"0PWgAyoxsjwGRuFSO0fyya";4;217173;FALSE;"Better Than Revenge";10;"spotify:track:0PWgAyoxsjwGRuFSO0fyya";"Speak Now";"B";"minor";"B minor"
"Taylor Swift";"06HL4z0CvFAxyc27GXpf02";"6Ar2o9KCqcyYF9J0aQP3au";"2010-01-01";2010;0,553;0,604;1;-5,295;0;0,0258;0,202;0;0,125;0,186;133,989;"0mTgFzkDgSAF3nJY25XCXG";4;302266;FALSE;"Innocent";11;"spotify:track:0mTgFzkDgSAF3nJY25XCXG";"Speak Now";"C#";"minor";"C# minor"
"Taylor Swift";"06HL4z0CvFAxyc27GXpf02";"6Ar2o9KCqcyYF9J0aQP3au";"2010-01-01";2010;0,434;0,944;5;-2,641;1;0,0581;0,0769;0;0,151;0,361;162,02;"2YjKcFQ1vYFhQPgsmCOjss";4;242093;FALSE;"Haunted";12;"spotify:track:2YjKcFQ1vYFhQPgsmCOjss";"Speak Now";"F";"major";"F major"
"Taylor Swift";"06HL4z0CvFAxyc27GXpf02";"6Ar2o9KCqcyYF9J0aQP3au";"2010-01-01";2010;0,359;0,329;10;-9,531;1;0,0293;0,581;3,75e-05;0,0979;0,208;84,358;"4EUQXLipplO2v9mVaqQtjc";3;367146;FALSE;"Last Kiss";13;"spotify:track:4EUQXLipplO2v9mVaqQtjc";"Speak Now";"A#";"major";"A# major"
"Taylor Swift";"06HL4z0CvFAxyc27GXpf02";"6Ar2o9KCqcyYF9J0aQP3au";"2010-01-01";2010;0,412;0,682;7;-4,319;1;0,0339;0,0426;7,47e-05;0,106;0,146;203,959;"4ewAfHYpDTzpW1GKO44CVP";4;317960;FALSE;"Long Live";14;"spotify:track:4ewAfHYpDTzpW1GKO44CVP";"Speak Now";"G";"major";"G major"
"Taylor Swift";"06HL4z0CvFAxyc27GXpf02";"43OpbkiiIxJO8ktIB777Nn";"2008-11-11";2008;0,618;0,687;2;-5,737;1;0,0271;0,111;0;0,0693;0,82;79,991;"08gavXombT6KR0af88i9tA";4;237066;FALSE;"Jump Then Fall";1;"spotify:track:08gavXombT6KR0af88i9tA";"Fearless";"D";"major";"D major"
"Taylor Swift";"06HL4z0CvFAxyc27GXpf02";"43OpbkiiIxJO8ktIB777Nn";"2008-11-11";2008;0,419;0,454;5;-6,809;1;0,0335;0,0583;3,78e-06;0,0974;0,288;200,017;"2IZ00ed83ygPIiacYScWUE";4;311040;FALSE;"Untouchable";2;"spotify:track:2IZ00ed83ygPIiacYScWUE";"Fearless";"F";"major";"F major"
"Taylor Swift";"06HL4z0CvFAxyc27GXpf02";"43OpbkiiIxJO8ktIB777Nn";"2008-11-11";2008;0,527;0,475;2;-6,205;1;0,0258;0,0868;4,34e-06;0,248;0,224;143,962;"4pl5zcqCv4vc3cB7M4MZ6f";4;238106;FALSE;"Come In With The Rain";4;"spotify:track:4pl5zcqCv4vc3cB7M4MZ6f";"Fearless";"D";"major";"D major"
"Taylor Swift";"06HL4z0CvFAxyc27GXpf02";"43OpbkiiIxJO8ktIB777Nn";"2008-11-11";2008;0,61;0,531;2;-6,123;1;0,0239;0,367;0;0,351;0,228;85,979;"14Bljc3pOOG0xQX3wqhLN9";4;261453;FALSE;"SuperStar";5;"spotify:track:14Bljc3pOOG0xQX3wqhLN9";"Fearless";"D";"major";"D major"
"Taylor Swift";"06HL4z0CvFAxyc27GXpf02";"43OpbkiiIxJO8ktIB777Nn";"2008-11-11";2008;0,476;0,816;4;-4,279;1;0,0347;0,169;0;0,238;0,469;163,847;"0xvsgzM8AtBtRHZm5rav8A";4;237600;FALSE;"The Other Side Of The Door";6;"spotify:track:0xvsgzM8AtBtRHZm5rav8A";"Fearless";"E";"major";"E major"
"Taylor Swift";"06HL4z0CvFAxyc27GXpf02";"43OpbkiiIxJO8ktIB777Nn";"2008-11-11";2008;0,598;0,714;5;-4,397;1;0,0273;0,0364;1,04e-06;0,31;0,467;99,979;"3F6czr26ZwGU5O5CHY04Ma";4;242000;FALSE;"Fearless";7;"spotify:track:3F6czr26ZwGU5O5CHY04Ma";"Fearless";"F";"major";"F major"
"Taylor Swift";"06HL4z0CvFAxyc27GXpf02";"43OpbkiiIxJO8ktIB777Nn";"2008-11-11";2008;0,559;0,636;7;-4,4;1;0,0263;0,0728;0;0,144;0,214;95,485;"3M0w3fhdXByHLCNAoi5c9G";4;294346;FALSE;"Fifteen";8;"spotify:track:3M0w3fhdXByHLCNAoi5c9G";"Fearless";"G";"major";"G major"
"Taylor Swift";"06HL4z0CvFAxyc27GXpf02";"43OpbkiiIxJO8ktIB777Nn";"2008-11-11";2008;0,618;0,736;2;-3,937;1;0,0308;0,157;0;0,073;0,307;118,982;"0kN3oXYWWAk1uC0y2WoyOE";4;235280;FALSE;"Love Story";9;"spotify:track:0kN3oXYWWAk1uC0y2WoyOE";"Fearless";"D";"major";"D major"
"Taylor Swift";"06HL4z0CvFAxyc27GXpf02";"43OpbkiiIxJO8ktIB777Nn";"2008-11-11";2008;0,843;0,553;6;-7,348;1;0,0317;0,168;2,66e-06;0,107;0,825;115,997;"6wcFdMmiDscAhZJrcVFumx";4;254320;FALSE;"Hey Stephen";10;"spotify:track:6wcFdMmiDscAhZJrcVFumx";"Fearless";"F#";"major";"F# major"
"Taylor Swift";"06HL4z0CvFAxyc27GXpf02";"43OpbkiiIxJO8ktIB777Nn";"2008-11-11";2008;0,585;0,346;0;-8,014;1;0,0256;0,302;0;0,102;0,195;92,564;"4jPtq9shRdUv8Zjr0a5xkD";4;234440;FALSE;"White Horse";11;"spotify:track:4jPtq9shRdUv8Zjr0a5xkD";"Fearless";"C";"major";"C major"
"Taylor Swift";"06HL4z0CvFAxyc27GXpf02";"43OpbkiiIxJO8ktIB777Nn";"2008-11-11";2008;0,687;0,771;6;-4,424;1;0,0384;0,164;2,46e-05;0,112;0,445;129,964;"3as6Wz3mwbTnusWhZjTUNr";4;231146;FALSE;"You Belong With Me";12;"spotify:track:3as6Wz3mwbTnusWhZjTUNr";"Fearless";"F#";"major";"F# major"
"Taylor Swift";"06HL4z0CvFAxyc27GXpf02";"43OpbkiiIxJO8ktIB777Nn";"2008-11-11";2008;0,498;0,486;1;-7,384;1;0,0273;0,373;0;0,113;0,17;147,952;"6S9G7J3EB1ZY0rrZPwsBg5";4;263986;FALSE;"Breathe";13;"spotify:track:6S9G7J3EB1ZY0rrZPwsBg5";"Fearless";"C#";"major";"C# major"
"Taylor Swift";"06HL4z0CvFAxyc27GXpf02";"43OpbkiiIxJO8ktIB777Nn";"2008-11-11";2008;0,601;0,852;7;-3,096;1;0,0386;0,0606;3,41e-06;0,37;0,513;100,015;"4XrP7vKBjKLEYlRZdb0Ygr";4;200560;FALSE;"Tell Me Why";14;"spotify:track:4XrP7vKBjKLEYlRZdb0Ygr";"Fearless";"G";"major";"G major"
"Taylor Swift";"06HL4z0CvFAxyc27GXpf02";"43OpbkiiIxJO8ktIB777Nn";"2008-11-11";2008;0,459;0,459;6;-4,126;1;0,0275;0,13;2,3e-06;0,113;0,281;134,018;"6HWYtS215rxaaMjvpyG18W";4;261800;FALSE;"You're Not Sorry";15;"spotify:track:6HWYtS215rxaaMjvpyG18W";"Fearless";"F#";"major";"F# major"
"Taylor Swift";"06HL4z0CvFAxyc27GXpf02";"43OpbkiiIxJO8ktIB777Nn";"2008-11-11";2008;0,436;0,712;5;-3,689;1;0,0329;0,0322;0;0,111;0,379;160,886;"77VotUUL79U10TAnYdqwvr";4;244240;FALSE;"The Way I Loved You";16;"spotify:track:77VotUUL79U10TAnYdqwvr";"Fearless";"F";"major";"F major"
"Taylor Swift";"06HL4z0CvFAxyc27GXpf02";"43OpbkiiIxJO8ktIB777Nn";"2008-11-11";2008;0,605;0,829;10;-4,993;1;0,0549;0,0907;0;0,106;0,514;128,012;"1zxrcAk6eiytfavqriMcKT";4;225333;FALSE;"Forever & Always";17;"spotify:track:1zxrcAk6eiytfavqriMcKT";"Fearless";"A#";"major";"A# major"
"Taylor Swift";"06HL4z0CvFAxyc27GXpf02";"43OpbkiiIxJO8ktIB777Nn";"2008-11-11";2008;0,664;0,447;1;-8,535;1;0,0292;0,611;1e-06;0,139;0,364;126,079;"5YbZZ2gYfvW1UvHHF4pVaD";4;245346;FALSE;"The Best Day";18;"spotify:track:5YbZZ2gYfvW1UvHHF4pVaD";"Fearless";"C#";"major";"C# major"
"Taylor Swift";"06HL4z0CvFAxyc27GXpf02";"43OpbkiiIxJO8ktIB777Nn";"2008-11-11";2008;0,548;0,756;5;-4,175;1;0,036;0,00471;0;0,117;0,224;96,038;"0RdcBnAXyH2YZZvcBVu2k6";4;281053;FALSE;"Change";19;"spotify:track:0RdcBnAXyH2YZZvcBVu2k6";"Fearless";"F";"major";"F major"
"Taylor Swift";"06HL4z0CvFAxyc27GXpf02";"7mzrIsaAjnXihW3InKjlC3";"2006-10-24";2006;0,58;0,491;0;-6,462;1;0,0251;0,575;0;0,121;0,425;76,009;"0Om9WAB5RS09L80DyOfTNa";4;232106;FALSE;"Tim McGraw";1;"spotify:track:0Om9WAB5RS09L80DyOfTNa";"Taylor Swift";"C";"major";"C major"
"Taylor Swift";"06HL4z0CvFAxyc27GXpf02";"7mzrIsaAjnXihW3InKjlC3";"2006-10-24";2006;0,658;0,877;7;-2,098;1;0,0323;0,173;0;0,0962;0,821;105,586;"32mVHdy0bi1XKgr0ajsBlG";4;173066;FALSE;"Picture To Burn";2;"spotify:track:32mVHdy0bi1XKgr0ajsBlG";"Taylor Swift";"G";"major";"G major"
"Taylor Swift";"06HL4z0CvFAxyc27GXpf02";"7mzrIsaAjnXihW3InKjlC3";"2006-10-24";2006;0,621;0,417;10;-6,941;1;0,0231;0,288;0;0,119;0,289;99,953;"7zMcNqs55Mxer82bvZFkpg";4;203040;FALSE;"Teardrops On My Guitar - Radio Single Remix";3;"spotify:track:7zMcNqs55Mxer82bvZFkpg";"Taylor Swift";"A#";"major";"A# major"
"Taylor Swift";"06HL4z0CvFAxyc27GXpf02";"7mzrIsaAjnXihW3InKjlC3";"2006-10-24";2006;0,576;0,777;9;-2,881;1;0,0324;0,051;0;0,32;0,428;115,028;"73OX8GdpOeGzKC6OvGSbsv";4;199200;FALSE;"A Place in this World";4;"spotify:track:73OX8GdpOeGzKC6OvGSbsv";"Taylor Swift";"A";"major";"A major"
"Taylor Swift";"06HL4z0CvFAxyc27GXpf02";"7mzrIsaAjnXihW3InKjlC3";"2006-10-24";2006;0,418;0,482;5;-5,769;1;0,0266;0,217;0;0,123;0,261;175,558;"7an1exwMnfYRcdVQm0yDev";4;239013;FALSE;"Cold As You";5;"spotify:track:7an1exwMnfYRcdVQm0yDev";"Taylor Swift";"F";"major";"F major"
"Taylor Swift";"06HL4z0CvFAxyc27GXpf02";"7mzrIsaAjnXihW3InKjlC3";"2006-10-24";2006;0,589;0,805;5;-4,055;1;0,0293;0,00491;0;0,24;0,591;112,982;"2QA3IixpRcKyOdG7XDzRgv";4;207106;FALSE;"The Outside";6;"spotify:track:2QA3IixpRcKyOdG7XDzRgv";"Taylor Swift";"F";"major";"F major"
"Taylor Swift";"06HL4z0CvFAxyc27GXpf02";"7mzrIsaAjnXihW3InKjlC3";"2006-10-24";2006;0,479;0,578;2;-4,963;1;0,0294;0,525;0;0,0841;0,192;146,165;"6K0CJLVXqbGMeJSmJ4ENKK";4;248106;FALSE;"Tied Together with a Smile";7;"spotify:track:6K0CJLVXqbGMeJSmJ4ENKK";"Taylor Swift";"D";"major";"D major"
"Taylor Swift";"06HL4z0CvFAxyc27GXpf02";"7mzrIsaAjnXihW3InKjlC3";"2006-10-24";2006;0,594;0,629;8;-4,919;1;0,0246;0,0868;0;0,137;0,504;131,597;"2ZoOmCSgj0ypVAmGd1ve4y";4;236053;FALSE;"Stay Beautiful";8;"spotify:track:2ZoOmCSgj0ypVAmGd1ve4y";"Taylor Swift";"G#";"major";"G# major"
"Taylor Swift";"06HL4z0CvFAxyc27GXpf02";"7mzrIsaAjnXihW3InKjlC3";"2006-10-24";2006;0,476;0,777;4;-3,771;0;0,0289;0,0103;0;0,196;0,472;167,964;"16MVSD0mGI4RMQT83Qzm69";4;242200;FALSE;"Should've Said No";9;"spotify:track:16MVSD0mGI4RMQT83Qzm69";"Taylor Swift";"E";"minor";"E minor"
"Taylor Swift";"06HL4z0CvFAxyc27GXpf02";"7mzrIsaAjnXihW3InKjlC3";"2006-10-24";2006;0,403;0,627;2;-5,28;1;0,0292;0,0177;0;0,182;0,374;74,9;"2QrQCMel6v2JiLxqrg4p2O";4;213080;FALSE;"Mary's Song (Oh My My My)";10;"spotify:track:2QrQCMel6v2JiLxqrg4p2O";"Taylor Swift";"D";"major";"D major"
"Taylor Swift";"06HL4z0CvFAxyc27GXpf02";"7mzrIsaAjnXihW3InKjlC3";"2006-10-24";2006;0,668;0,672;2;-4,931;1;0,0303;0,111;0;0,329;0,539;89,011;"15DeqWWQB4dcEWzJg15VrN";4;201106;FALSE;"Our Song";11;"spotify:track:15DeqWWQB4dcEWzJg15VrN";"Taylor Swift";"D";"major";"D major"
"Taylor Swift";"06HL4z0CvFAxyc27GXpf02";"7mzrIsaAjnXihW3InKjlC3";"2006-10-24";2006;0,563;0,934;8;-3,629;1;0,0646;0,00452;0,000807;0,103;0,518;143,964;"0JIdBrXGSJXS72zjF9ss9u";4;213053;FALSE;"I'm Only Me When I'm With You";12;"spotify:track:0JIdBrXGSJXS72zjF9ss9u";"Taylor Swift";"G#";"major";"G# major"
"Taylor Swift";"06HL4z0CvFAxyc27GXpf02";"7mzrIsaAjnXihW3InKjlC3";"2006-10-24";2006;0,612;0,394;7;-5,723;1;0,0243;0,637;0;0,147;0,233;96,001;"5OOd01o2YS1QFwdpVLds3r";4;203226;FALSE;"Invisible";13;"spotify:track:5OOd01o2YS1QFwdpVLds3r";"Taylor Swift";"G";"major";"G major"
"Taylor Swift";"06HL4z0CvFAxyc27GXpf02";"7mzrIsaAjnXihW3InKjlC3";"2006-10-24";2006;0,483;0,751;4;-5,726;1;0,0365;0,00349;0;0,128;0,268;156,092;"1spLfUJxtyVyiKKTegQ2r4";4;220146;FALSE;"A Perfectly Good Heart";14;"spotify:track:1spLfUJxtyVyiKKTegQ2r4";"Taylor Swift";"E";"major";"E major"
"Taylor Swift";"06HL4z0CvFAxyc27GXpf02";"7mzrIsaAjnXihW3InKjlC3";"2006-10-24";2006;0,459;0,753;10;-3,827;1;0,0537;0,0402;0;0,0863;0,483;199,997;"4pJi1rVt9GNegU9kywjg4z";4;179066;FALSE;"Teardrops on My Guitar - Pop Version";15;"spotify:track:4pJi1rVt9GNegU9kywjg4z";"Taylor Swift";"A#";"major";"A# major"
"Taylor Swift";"06HL4z0CvFAxyc27GXpf02";"5eyZZoQEFQWRHkV2xgAeBw";"2006-10-24";2006;0,58;0,491;0;-6,462;1;0,0251;0,575;0;0,121;0,425;76,009;"2Fn01AIMyHbha2ceNQeOqw";4;232106;FALSE;"Tim McGraw";1;"spotify:track:2Fn01AIMyHbha2ceNQeOqw";"Taylor Swift";"C";"major";"C major"
"Taylor Swift";"06HL4z0CvFAxyc27GXpf02";"5eyZZoQEFQWRHkV2xgAeBw";"2006-10-24";2006;0,658;0,877;7;-2,098;1;0,0323;0,173;0;0,0962;0,821;105,586;"4BYejINgfZF0qKDMEH2cim";4;173066;FALSE;"Picture To Burn";2;"spotify:track:4BYejINgfZF0qKDMEH2cim";"Taylor Swift";"G";"major";"G major"
"Taylor Swift";"06HL4z0CvFAxyc27GXpf02";"5eyZZoQEFQWRHkV2xgAeBw";"2006-10-24";2006;0,621;0,417;10;-6,941;1;0,0231;0,288;0;0,119;0,289;99,953;"2TF4UtYreqNbQ6Z9AccldU";4;203040;FALSE;"Teardrops On My Guitar - Radio Single Remix";3;"spotify:track:2TF4UtYreqNbQ6Z9AccldU";"Taylor Swift";"A#";"major";"A# major"
"Taylor Swift";"06HL4z0CvFAxyc27GXpf02";"5eyZZoQEFQWRHkV2xgAeBw";"2006-10-24";2006;0,576;0,777;9;-2,881;1;0,0324;0,051;0;0,32;0,428;115,028;"1oR4MUBpyNrAViC8wPNpfm";4;199200;FALSE;"A Place in this World";4;"spotify:track:1oR4MUBpyNrAViC8wPNpfm";"Taylor Swift";"A";"major";"A major"
"Taylor Swift";"06HL4z0CvFAxyc27GXpf02";"5eyZZoQEFQWRHkV2xgAeBw";"2006-10-24";2006;0,418;0,482;5;-5,769;1;0,0266;0,217;0;0,123;0,261;175,558;"569sXXQ7t0jSdqHooi2yqs";4;239013;FALSE;"Cold As You";5;"spotify:track:569sXXQ7t0jSdqHooi2yqs";"Taylor Swift";"F";"major";"F major"
"Taylor Swift";"06HL4z0CvFAxyc27GXpf02";"5eyZZoQEFQWRHkV2xgAeBw";"2006-10-24";2006;0,589;0,805;5;-4,055;1;0,0293;0,00491;0;0,24;0,591;112,982;"5Tj2MqcFMf60CaGsKbM1aq";4;207106;FALSE;"The Outside";6;"spotify:track:5Tj2MqcFMf60CaGsKbM1aq";"Taylor Swift";"F";"major";"F major"
"Taylor Swift";"06HL4z0CvFAxyc27GXpf02";"5eyZZoQEFQWRHkV2xgAeBw";"2006-10-24";2006;0,479;0,578;2;-4,963;1;0,0294;0,525;0;0,0841;0,192;146,165;"2zzxwmoOBnXDT0KnJsoIWk";4;248106;FALSE;"Tied Together with a Smile";7;"spotify:track:2zzxwmoOBnXDT0KnJsoIWk";"Taylor Swift";"D";"major";"D major"
"Taylor Swift";"06HL4z0CvFAxyc27GXpf02";"5eyZZoQEFQWRHkV2xgAeBw";"2006-10-24";2006;0,594;0,629;8;-4,919;1;0,0246;0,0868;0;0,137;0,504;131,597;"41sjzdjScVwnxnxADElts6";4;236053;FALSE;"Stay Beautiful";8;"spotify:track:41sjzdjScVwnxnxADElts6";"Taylor Swift";"G#";"major";"G# major"
"Taylor Swift";"06HL4z0CvFAxyc27GXpf02";"5eyZZoQEFQWRHkV2xgAeBw";"2006-10-24";2006;0,476;0,777;4;-3,771;0;0,0289;0,0103;0;0,196;0,472;167,964;"6CdaXOq1MWe2JHDalTG01d";4;242200;FALSE;"Should've Said No";9;"spotify:track:6CdaXOq1MWe2JHDalTG01d";"Taylor Swift";"E";"minor";"E minor"
"Taylor Swift";"06HL4z0CvFAxyc27GXpf02";"5eyZZoQEFQWRHkV2xgAeBw";"2006-10-24";2006;0,403;0,627;2;-5,28;1;0,0292;0,0177;0;0,182;0,374;74,9;"2O8sogKJCfVZ4rotBv1vVF";4;213080;FALSE;"Mary's Song (Oh My My My)";10;"spotify:track:2O8sogKJCfVZ4rotBv1vVF";"Taylor Swift";"D";"major";"D major"
"Taylor Swift";"06HL4z0CvFAxyc27GXpf02";"5eyZZoQEFQWRHkV2xgAeBw";"2006-10-24";2006;0,668;0,672;2;-4,931;1;0,0303;0,111;0;0,329;0,539;89,011;"1j6gmK6u4WNI33lMZ8dC1s";4;201106;FALSE;"Our Song";11;"spotify:track:1j6gmK6u4WNI33lMZ8dC1s";"Taylor Swift";"D";"major";"D major"
"Taylor Swift";"06HL4z0CvFAxyc27GXpf02";"5eyZZoQEFQWRHkV2xgAeBw";"2006-10-24";2006;0,563;0,934;8;-3,629;1;0,0646;0,00452;0,000807;0,103;0,518;143,964;"7CzxXgQXurKZCyHz9ufbo1";4;213053;FALSE;"I'm Only Me When I'm With You";12;"spotify:track:7CzxXgQXurKZCyHz9ufbo1";"Taylor Swift";"G#";"major";"G# major"
"Taylor Swift";"06HL4z0CvFAxyc27GXpf02";"5eyZZoQEFQWRHkV2xgAeBw";"2006-10-24";2006;0,612;0,394;7;-5,723;1;0,0243;0,637;0;0,147;0,233;96,001;"1k3PzDNjg38cWqOvL4M9vq";4;203226;FALSE;"Invisible";13;"spotify:track:1k3PzDNjg38cWqOvL4M9vq";"Taylor Swift";"G";"major";"G major"
"Taylor Swift";"06HL4z0CvFAxyc27GXpf02";"5eyZZoQEFQWRHkV2xgAeBw";"2006-10-24";2006;0,483;0,751;4;-5,726;1;0,0365;0,00349;0;0,128;0,268;156,092;"0YgHuReCSPwTXYny7isLja";4;220146;FALSE;"A Perfectly Good Heart";14;"spotify:track:0YgHuReCSPwTXYny7isLja";"Taylor Swift";"E";"major";"E major"
"Taylor Swift";"06HL4z0CvFAxyc27GXpf02";"5eyZZoQEFQWRHkV2xgAeBw";"2006-10-24";2006;0,459;0,753;10;-3,827;1;0,0537;0,0402;0;0,0863;0,483;199,997;"1hxLyjC9D9Jpw6EAPKqWv4";4;179066;FALSE;"Teardrops on My Guitar - Pop Version";15;"spotify:track:1hxLyjC9D9Jpw6EAPKqWv4";"Taylor Swift";"A#";"major";"A# major"
